{"cameraMode":{"drawMode":0,"name":"Shaded","section":"Shading Mode"},"sceneLighting":true,"audioPlay":false,"sceneViewState":{"showFog":false,"showMaterialUpdate":false,"showSkybox":true,"showFlares":false,"showImageEffects":false,"showParticleSystems":false},"in2DMode":false,"pivot":{"x":2.7121825218200685,"y":-7.8099470138549809,"z":14.782832145690918},"rotation":{"x":0.28104621171951296,"y":-0.027346692979335786,"z":0.008010894991457463,"w":0.9592826962471008},"size":20.593473434448243,"orthographic":false}