{"cameraMode":{"drawMode":0,"name":"Shaded","section":"Shading Mode"},"sceneLighting":true,"audioPlay":false,"sceneViewState":{"showFog":true,"showMaterialUpdate":false,"showSkybox":true,"showFlares":true,"showImageEffects":true,"showParticleSystems":true},"in2DMode":false,"pivot":{"x":-1.004480242729187,"y":-0.33433911204338076,"z":1.1146811246871949},"rotation":{"x":-0.029796408489346505,"y":-0.9657980799674988,"z":0.22288765013217927,"w":-0.12910868227481843},"size":1.4617667198181153,"orthographic":false}